<?xml version="1.0" encoding="UTF-8"?>
<!DOCTYPE suite SYSTEM "https://testng.org/testng-1.0.dtd">
<suite name="crossbrowsertesting" thread-count="2" parallel="tests">
	<test name="chrometest">
		<parameter name="browser" value="chrome"></parameter>
		<parameter name="email" value="rahulck1666@gmail.com"></parameter>
		<parameter name="password" value="Pramod123@"></parameter>

		<parameter name="url" value="https://magento.softwaretestingboard.com/"></parameter>
		<classes>
			<class name="com.luma.qspiders.endtoend.LumaEndToEndForMen" />
		</classes>
	</test> <!-- Test -->
	<test name="edgetest">
		<parameter name="browser" value="edge"></parameter>
		<parameter name="email" value="rahulck1666@gmail.com"></parameter>
		<parameter name="password" value="Pramod123@"></parameter>

		<parameter name="url" value="https://magento.softwaretestingboard.com/"></parameter>
		<classes>
			<class name="com.luma.qspiders.endtoend.LumaEndToEndForMen" />
		</classes>
	</test> <!-- Test -->

</suite> <!-- Suite -->
