<?xml version="1.0" encoding="UTF-8"?>
<!DOCTYPE suite SYSTEM "https://testng.org/testng-1.0.dtd">
<suite name="Suite">
  <test thread-count="5" name="Test">
    <classes>
      <class name="com.luma.qspiders.endtoend.LumaEndToEndMethodsUsingWait"/>
      <class name="com.luma.qspiders.endtoend.LumaEndToEndMethodsUsingWaitForMen"/>
      <class name="com.luma.qspiders.endtoend.LumaEndToEndForMen"/>
      <class name="com.luma.qspiders.endtoend.LumaEndToEndForSale"/>
      <class name="com.luma.qspiders.endtoend.LumaEndToEndForWomen"/>
    </classes>
  </test> <!-- Test -->
</suite> <!-- Suite -->
